Full Name,Gender,Email,Phone,Age,City,State,Country,Postcode,Profile Picture
Ms Rose Margaret,female,rose.margaret@example.com,P16 A97-9582,32,Jasper,Saskatchewan,Canada,B9Y 5K2,https://randomuser.me/api/portraits/women/15.jpg
Mrs Kaitlin Butler,female,kaitlin.butler@example.com,0118530 039 9911,46,St Albans,West Sussex,United Kingdom,T0 1LY,https://randomuser.me/api/portraits/women/44.jpg
Mrs Robbin Kenter,female,robbin.kenter@example.com,(086) 9359532,30,Maria Hoop,Utrecht,Netherlands,8766 XH,https://randomuser.me/api/portraits/women/92.jpg
Miss Aada Aro,female,aada.aro@example.com,08-176-184,69,Föglö,Satakunta,Finland,66707,https://randomuser.me/api/portraits/women/41.jpg
Miss الینا قاسمی,female,lyn.qsmy@example.com,017-28316104,42,ساری,یزد,Iran,59659,https://randomuser.me/api/portraits/women/44.jpg
Mr Ted Fletcher,male,ted.fletcher@example.com,07-6388-9396,59,Traralgon,New South Wales,Australia,6373,https://randomuser.me/api/portraits/men/0.jpg
Mr Ola Kausar,male,ola.kausar@example.com,65764577,76,Namdalseid,Troms - Romsa,Norway,0873,https://randomuser.me/api/portraits/men/59.jpg
Mr Tim Meyer,male,tim.meyer@example.com,04-9267-3927,43,Hervey Bay,Northern Territory,Australia,1795,https://randomuser.me/api/portraits/men/14.jpg
Miss Zhanna Kuzmich,female,zhanna.kuzmich@example.com,(099) G86-5208,41,Novomirgorod,Avtonomna Respublika Krim,Ukraine,78002,https://randomuser.me/api/portraits/women/43.jpg
Miss آدرینا حسینی,female,adryn.hsyny@example.com,070-74719651,42,سبزوار,سمنان,Iran,50671,https://randomuser.me/api/portraits/women/2.jpg
